[{"fields": {"model": "logentry", "name": "log entry", "app_label": "admin"}, "model": "contenttypes.contenttype", "pk": 89}, {"fields": {"model": "permission", "name": "permission", "app_label": "auth"}, "model": "contenttypes.contenttype", "pk": 90}, {"fields": {"model": "group", "name": "group", "app_label": "auth"}, "model": "contenttypes.contenttype", "pk": 91}, {"fields": {"model": "user", "name": "user", "app_label": "auth"}, "model": "contenttypes.contenttype", "pk": 92}, {"fields": {"model": "contenttype", "name": "content type", "app_label": "contenttypes"}, "model": "contenttypes.contenttype", "pk": 93}, {"fields": {"model": "session", "name": "session", "app_label": "sessions"}, "model": "contenttypes.contenttype", "pk": 94}, {"fields": {"model": "site", "name": "site", "app_label": "sites"}, "model": "contenttypes.contenttype", "pk": 95}, {"fields": {"model": "account", "name": "account", "app_label": "account"}, "model": "contenttypes.contenttype", "pk": 96}, {"fields": {"model": "signupcode", "name": "signup code", "app_label": "account"}, "model": "contenttypes.contenttype", "pk": 97}, {"fields": {"model": "signupcoderesult", "name": "signup code result", "app_label": "account"}, "model": "contenttypes.contenttype", "pk": 98}, {"fields": {"model": "emailaddress", "name": "email address", "app_label": "account"}, "model": "contenttypes.contenttype", "pk": 99}, {"fields": {"model": "emailconfirmation", "name": "email confirmation", "app_label": "account"}, "model": "contenttypes.contenttype", "pk": 100}, {"fields": {"model": "accountdeletion", "name": "account deletion", "app_label": "account"}, "model": "contenttypes.contenttype", "pk": 101}, {"fields": {"model": "log", "name": "log", "app_label": "eventlog"}, "model": "contenttypes.contenttype", "pk": 102}, {"fields": {"model": "die", "name": "die", "app_label": "pfss"}, "model": "contenttypes.contenttype", "pk": 103}, {"fields": {"model": "creaturetype", "name": "creature type", "app_label": "pfss"}, "model": "contenttypes.contenttype", "pk": 104}, {"fields": {"model": "skill", "name": "skill", "app_label": "pfss"}, "model": "contenttypes.contenttype", "pk": 105}, {"fields": {"model": "creatureskill", "name": "creature skill", "app_label": "pfss"}, "model": "contenttypes.contenttype", "pk": 106}, {"fields": {"model": "attack", "name": "attack", "app_label": "pfss"}, "model": "contenttypes.contenttype", "pk": 107}, {"fields": {"model": "specialability", "name": "special ability", "app_label": "pfss"}, "model": "contenttypes.contenttype", "pk": 108}, {"fields": {"model": "size", "name": "size", "app_label": "pfss"}, "model": "contenttypes.contenttype", "pk": 109}, {"fields": {"model": "creature", "name": "creature", "app_label": "pfss"}, "model": "contenttypes.contenttype", "pk": 110}, {"fields": {"model": "feat", "name": "feat", "app_label": "pfss"}, "model": "contenttypes.contenttype", "pk": 111}, {"fields": {"model": "language", "name": "language", "app_label": "pfss"}, "model": "contenttypes.contenttype", "pk": 112}, {"fields": {"model": "creatureattack", "name": "creature attack", "app_label": "pfss"}, "model": "contenttypes.contenttype", "pk": 113}, {"fields": {"expire_date": "2015-05-21T10:30:18.074Z", "session_data": "ODk5YzlmM2UyZDcwYzAzNDg2MzA5OWQwNzEzOThkNGRkNDgzZWE3Mjp7Il9hdXRoX3VzZXJfaGFzaCI6ImM1YjJkMDFjMzRhZWRiYjBmNGJhYWVkMjA2MGQ4ZjRjYTVmMDk2M2IiLCJfYXV0aF91c2VyX2JhY2tlbmQiOiJhY2NvdW50LmF1dGhfYmFja2VuZHMuVXNlcm5hbWVBdXRoZW50aWNhdGlvbkJhY2tlbmQiLCJfYXV0aF91c2VyX2lkIjoyfQ=="}, "model": "sessions.session", "pk": "7kbmjhfmb532263m6gn5ua5cpm459l6a"}, {"fields": {"domain": "example.com", "name": "example.com"}, "model": "sites.site", "pk": 1}, {"fields": {"size": 4}, "model": "pfss.die", "pk": 1}, {"fields": {"size": 6}, "model": "pfss.die", "pk": 2}, {"fields": {"size": 8}, "model": "pfss.die", "pk": 3}, {"fields": {"size": 10}, "model": "pfss.die", "pk": 4}, {"fields": {"size": 12}, "model": "pfss.die", "pk": 5}, {"fields": {"name": "Weapon Finesse"}, "model": "pfss.feat", "pk": 1}, {"fields": {"name": "Power Attack"}, "model": "pfss.feat", "pk": 2}, {"fields": {"name": "Improved Bull Rush"}, "model": "pfss.feat", "pk": 3}, {"fields": {"name": "Improved Initiative"}, "model": "pfss.feat", "pk": 4}, {"fields": {"name": "Flyby Attack"}, "model": "pfss.feat", "pk": 5}, {"fields": {"name": "Skill Focus (Perception)"}, "model": "pfss.feat", "pk": 6}, {"fields": {"GoodSave1": 1, "GoodSave3": null, "GoodSave2": 2, "BAB_Progression": 2, "name": "Animal"}, "model": "pfss.creaturetype", "pk": 1}, {"fields": {"GoodSave1": 1, "GoodSave3": null, "GoodSave2": 3, "BAB_Progression": 3, "name": "Outsider (Elemental)"}, "model": "pfss.creaturetype", "pk": 2}, {"fields": {"name": "Common"}, "model": "pfss.language", "pk": 1}, {"fields": {"name": "Auran"}, "model": "pfss.language", "pk": 2}, {"fields": {"name": "Terran"}, "model": "pfss.language", "pk": 3}, {"fields": {"name": "Aquan"}, "model": "pfss.language", "pk": 4}, {"fields": {"name": "Ignan"}, "model": "pfss.language", "pk": 5}, {"fields": {"name": "Celestial"}, "model": "pfss.language", "pk": 6}, {"fields": {"name": "Infernal"}, "model": "pfss.language", "pk": 7}, {"fields": {"name": "Abyssal"}, "model": "pfss.language", "pk": 8}, {"fields": {"name": "Draconic"}, "model": "pfss.language", "pk": 9}, {"fields": {"name": "Sylvan"}, "model": "pfss.language", "pk": 10}, {"fields": {"stat": 5, "name": "Perception"}, "model": "pfss.skill", "pk": 1}, {"fields": {"stat": 5, "name": "Survival"}, "model": "pfss.skill", "pk": 2}, {"fields": {"stat": 2, "name": "Stealth"}, "model": "pfss.skill", "pk": 3}, {"fields": {"stat": 2, "name": "Acrobatics"}, "model": "pfss.skill", "pk": 4}, {"fields": {"stat": 1, "name": "Escape Artist"}, "model": "pfss.skill", "pk": 5}, {"fields": {"stat": 2, "name": "Fly"}, "model": "pfss.skill", "pk": 6}, {"fields": {"stat": 4, "name": "Knowledge (planes)"}, "model": "pfss.skill", "pk": 7}, {"fields": {"stat": 4, "name": "Appraise"}, "model": "pfss.skill", "pk": 8}, {"fields": {"stat": 1, "name": "Climb"}, "model": "pfss.skill", "pk": 9}, {"fields": {"stat": 4, "name": "Knowledge (dungeoneering)"}, "model": "pfss.skill", "pk": 10}, {"fields": {"stat": 2, "name": "Climb (Dex)"}, "model": "pfss.skill", "pk": 11}, {"fields": {"stat": 2, "name": "Swim (Dex)"}, "model": "pfss.skill", "pk": 12}, {"fields": {"count": 1, "attack": 1, "extraText": "", "creature": 1}, "model": "pfss.creatureattack", "pk": 1}, {"fields": {"count": 1, "attack": 2, "extraText": "", "creature": 2}, "model": "pfss.creatureattack", "pk": 2}, {"fields": {"count": 2, "attack": 4, "extraText": "", "creature": 2}, "model": "pfss.creatureattack", "pk": 3}, {"fields": {"count": 1, "attack": 2, "extraText": "plus disease", "creature": 5}, "model": "pfss.creatureattack", "pk": 4}, {"fields": {"count": 1, "attack": 6, "extraText": "", "creature": 4}, "model": "pfss.creatureattack", "pk": 5}, {"fields": {"count": 1, "attack": 5, "extraText": "", "creature": 3}, "model": "pfss.creatureattack", "pk": 6}, {"fields": {"skill": 1, "total": 4, "extraModifier": 0, "extraText": "", "creature": 4}, "model": "pfss.creatureskill", "pk": 1}, {"fields": {"skill": 3, "total": 11, "extraModifier": 0, "extraText": "", "creature": 4}, "model": "pfss.creatureskill", "pk": 2}, {"fields": {"skill": 4, "total": 7, "extraModifier": 0, "extraText": "", "creature": 4}, "model": "pfss.creatureskill", "pk": 3}, {"fields": {"skill": 5, "total": 7, "extraModifier": 0, "extraText": "", "creature": 4}, "model": "pfss.creatureskill", "pk": 4}, {"fields": {"skill": 6, "total": 17, "extraModifier": 0, "extraText": "", "creature": 4}, "model": "pfss.creatureskill", "pk": 5}, {"fields": {"skill": 7, "total": 1, "extraModifier": 0, "extraText": "", "creature": 4}, "model": "pfss.creatureskill", "pk": 6}, {"fields": {"skill": 8, "total": 1, "extraModifier": 0, "extraText": "", "creature": 3}, "model": "pfss.creatureskill", "pk": 7}, {"fields": {"skill": 9, "total": 7, "extraModifier": 0, "extraText": "", "creature": 3}, "model": "pfss.creatureskill", "pk": 8}, {"fields": {"skill": 10, "total": 1, "extraModifier": 0, "extraText": "", "creature": 3}, "model": "pfss.creatureskill", "pk": 9}, {"fields": {"skill": 7, "total": 1, "extraModifier": 0, "extraText": "", "creature": 3}, "model": "pfss.creatureskill", "pk": 10}, {"fields": {"skill": 1, "total": 4, "extraModifier": 0, "extraText": "", "creature": 3}, "model": "pfss.creatureskill", "pk": 11}, {"fields": {"skill": 11, "total": 11, "extraModifier": 0, "extraText": "", "creature": 5}, "model": "pfss.creatureskill", "pk": 12}, {"fields": {"skill": 1, "total": 4, "extraModifier": 0, "extraText": "", "creature": 5}, "model": "pfss.creatureskill", "pk": 13}, {"fields": {"skill": 3, "total": 11, "extraModifier": 0, "extraText": "", "creature": 5}, "model": "pfss.creatureskill", "pk": 14}, {"fields": {"skill": 1, "total": 8, "extraModifier": 0, "extraText": "", "creature": 2}, "model": "pfss.creatureskill", "pk": 15}, {"fields": {"skill": 1, "total": 8, "extraModifier": 0, "extraText": "", "creature": 1}, "model": "pfss.creatureskill", "pk": 16}, {"fields": {"dType": 2, "attackClass": 0, "name": "Bite", "attackType": 0, "dCount": 1}, "model": "pfss.attack", "pk": 1}, {"fields": {"dType": 1, "attackClass": 0, "name": "Bite", "attackType": 0, "dCount": 1}, "model": "pfss.attack", "pk": 2}, {"fields": {"dType": 1, "attackClass": 0, "name": "Claw", "attackType": 0, "dCount": 1}, "model": "pfss.attack", "pk": 4}, {"fields": {"dType": 2, "attackClass": 0, "name": "Slam", "attackType": 0, "dCount": 1}, "model": "pfss.attack", "pk": 5}, {"fields": {"dType": 1, "attackClass": 0, "name": "Slam", "attackType": 0, "dCount": 1}, "model": "pfss.attack", "pk": 6}, {"fields": {"text": "Smite evil/good 1/day as a swift action (adds CHA bonus ({{CHA_POS}}) to attack rolls and damage bonus equal to HD ({{HD}}) against evil/good foes; smite persists until target is dead or the celestial/fiendish creature rests).", "name": "Smite Evil/Good", "dynamicText": true}, "model": "pfss.specialability", "pk": 1}, {"fields": {"text": "An earth elemental gains a +1 bonus on attack and damage rolls if both it and its foe are touching the ground. If an opponent is airborne or waterborne, the elemental takes a \u20134 penalty on attack and damage rolls. These modifiers apply to bull rush and overrun maneuvers, whether the elemental is initiating or resisting these kinds of attacks. (These modifiers are not included in the statistics block.)", "name": "Earth Mastery", "dynamicText": false}, "model": "pfss.specialability", "pk": 2}, {"fields": {"text": "A burrowing earth elemental can pass through stone, dirt, or almost any other sort of earth except metal as easily as a fish swims through water. If protected against fire damage, it can even glide through lava. Its burrowing leaves behind no tunnel or hole, nor does it create any ripple or other sign of its presence. A move earth spell cast on an area containing a burrowing earth elemental flings the elemental back 30 feet, stunning the creature for 1 round unless it succeeds on a DC 15 Fortitude save.", "name": "Earth Glide (Ex)", "dynamicText": false}, "model": "pfss.specialability", "pk": 3}, {"fields": {"text": "Airborne creatures take a \u20131 penalty on attack and damage rolls against an air elemental.", "name": "Air Mastery (Ex)", "dynamicText": false}, "model": "pfss.specialability", "pk": 4}, {"fields": {"ACbonus": 0, "reach": 5, "name": "Medium"}, "model": "pfss.size", "pk": 1}, {"fields": {"ACbonus": 1, "reach": 5, "name": "Small"}, "model": "pfss.size", "pk": 2}, {"fields": {"ACbonus": -1, "reach": 10, "name": "Large"}, "model": "pfss.size", "pk": 3}, {"fields": {"Dex": 15, "Cha": 6, "Type": 1, "Senses": "darkvision 60 ft., low-light vision, scent", "armourAC": 0, "name": "Wolf", "Int": 2, "SR": 6, "naturalAC": 2, "dodgeAC": 0, "Languages": [], "HDtype": 3, "Wis": 12, "Feats": [], "Str": 13, "Size": 1, "Speed": "50 ft.", "Special": [1], "HD": 2, "Con": 15}, "model": "pfss.creature", "pk": 1}, {"fields": {"Dex": 15, "Cha": 7, "Type": 1, "Senses": "darkvision 60 ft.", "armourAC": 0, "name": "Eagle", "Int": 2, "SR": 5, "naturalAC": 1, "dodgeAC": 0, "Languages": [], "HDtype": 3, "Wis": 15, "Feats": [1], "Str": 10, "Size": 2, "Speed": "10ft., fly 80 ft. (average)", "Special": [1], "HD": 1, "Con": 12}, "model": "pfss.creature", "pk": 2}, {"fields": {"Dex": 8, "Cha": 11, "Type": 2, "Senses": "darkvision 60 ft., tremorsense 60 ft.", "armourAC": 0, "name": "Small Earth Elemental", "Int": 4, "SR": 0, "naturalAC": 7, "dodgeAC": 0, "Languages": [3], "HDtype": 4, "Wis": 11, "Feats": [2, 3], "Str": 16, "Size": 2, "Speed": "20 ft., burrow 20 ft., earth glide", "Special": [2, 3], "HD": 2, "Con": 13}, "model": "pfss.creature", "pk": 3}, {"fields": {"Dex": 17, "Cha": 11, "Type": 2, "Senses": "darkvision 60 ft.", "armourAC": 0, "name": "Small Air Elemental", "Int": 4, "SR": 0, "naturalAC": 3, "dodgeAC": 0, "Languages": [2], "HDtype": 4, "Wis": 11, "Feats": [1, 4, 5], "Str": 12, "Size": 2, "Speed": "fly 100 ft. (perfect)", "Special": [4], "HD": 2, "Con": 12}, "model": "pfss.creature", "pk": 4}, {"fields": {"Dex": 17, "Cha": 4, "Type": 1, "Senses": "darkvision 60 ft., scent; ", "armourAC": 0, "name": "Dire Rat", "Int": 2, "SR": 5, "naturalAC": 0, "dodgeAC": 0, "Languages": [], "HDtype": 3, "Wis": 13, "Feats": [6], "Str": 10, "Size": 2, "Speed": "40 ft., climb 20 ft., swim 20 ft.", "Special": [1], "HD": 1, "Con": 13}, "model": "pfss.creature", "pk": 5}, {"fields": {"codename": "add_logentry", "name": "Can add log entry", "content_type": 89}, "model": "auth.permission", "pk": 265}, {"fields": {"codename": "change_logentry", "name": "Can change log entry", "content_type": 89}, "model": "auth.permission", "pk": 266}, {"fields": {"codename": "delete_logentry", "name": "Can delete log entry", "content_type": 89}, "model": "auth.permission", "pk": 267}, {"fields": {"codename": "add_permission", "name": "Can add permission", "content_type": 90}, "model": "auth.permission", "pk": 268}, {"fields": {"codename": "change_permission", "name": "Can change permission", "content_type": 90}, "model": "auth.permission", "pk": 269}, {"fields": {"codename": "delete_permission", "name": "Can delete permission", "content_type": 90}, "model": "auth.permission", "pk": 270}, {"fields": {"codename": "add_group", "name": "Can add group", "content_type": 91}, "model": "auth.permission", "pk": 271}, {"fields": {"codename": "change_group", "name": "Can change group", "content_type": 91}, "model": "auth.permission", "pk": 272}, {"fields": {"codename": "delete_group", "name": "Can delete group", "content_type": 91}, "model": "auth.permission", "pk": 273}, {"fields": {"codename": "add_user", "name": "Can add user", "content_type": 92}, "model": "auth.permission", "pk": 274}, {"fields": {"codename": "change_user", "name": "Can change user", "content_type": 92}, "model": "auth.permission", "pk": 275}, {"fields": {"codename": "delete_user", "name": "Can delete user", "content_type": 92}, "model": "auth.permission", "pk": 276}, {"fields": {"codename": "add_contenttype", "name": "Can add content type", "content_type": 93}, "model": "auth.permission", "pk": 277}, {"fields": {"codename": "change_contenttype", "name": "Can change content type", "content_type": 93}, "model": "auth.permission", "pk": 278}, {"fields": {"codename": "delete_contenttype", "name": "Can delete content type", "content_type": 93}, "model": "auth.permission", "pk": 279}, {"fields": {"codename": "add_session", "name": "Can add session", "content_type": 94}, "model": "auth.permission", "pk": 280}, {"fields": {"codename": "change_session", "name": "Can change session", "content_type": 94}, "model": "auth.permission", "pk": 281}, {"fields": {"codename": "delete_session", "name": "Can delete session", "content_type": 94}, "model": "auth.permission", "pk": 282}, {"fields": {"codename": "add_site", "name": "Can add site", "content_type": 95}, "model": "auth.permission", "pk": 283}, {"fields": {"codename": "change_site", "name": "Can change site", "content_type": 95}, "model": "auth.permission", "pk": 284}, {"fields": {"codename": "delete_site", "name": "Can delete site", "content_type": 95}, "model": "auth.permission", "pk": 285}, {"fields": {"codename": "add_account", "name": "Can add account", "content_type": 96}, "model": "auth.permission", "pk": 286}, {"fields": {"codename": "change_account", "name": "Can change account", "content_type": 96}, "model": "auth.permission", "pk": 287}, {"fields": {"codename": "delete_account", "name": "Can delete account", "content_type": 96}, "model": "auth.permission", "pk": 288}, {"fields": {"codename": "add_signupcode", "name": "Can add signup code", "content_type": 97}, "model": "auth.permission", "pk": 289}, {"fields": {"codename": "change_signupcode", "name": "Can change signup code", "content_type": 97}, "model": "auth.permission", "pk": 290}, {"fields": {"codename": "delete_signupcode", "name": "Can delete signup code", "content_type": 97}, "model": "auth.permission", "pk": 291}, {"fields": {"codename": "add_signupcoderesult", "name": "Can add signup code result", "content_type": 98}, "model": "auth.permission", "pk": 292}, {"fields": {"codename": "change_signupcoderesult", "name": "Can change signup code result", "content_type": 98}, "model": "auth.permission", "pk": 293}, {"fields": {"codename": "delete_signupcoderesult", "name": "Can delete signup code result", "content_type": 98}, "model": "auth.permission", "pk": 294}, {"fields": {"codename": "add_emailaddress", "name": "Can add email address", "content_type": 99}, "model": "auth.permission", "pk": 295}, {"fields": {"codename": "change_emailaddress", "name": "Can change email address", "content_type": 99}, "model": "auth.permission", "pk": 296}, {"fields": {"codename": "delete_emailaddress", "name": "Can delete email address", "content_type": 99}, "model": "auth.permission", "pk": 297}, {"fields": {"codename": "add_emailconfirmation", "name": "Can add email confirmation", "content_type": 100}, "model": "auth.permission", "pk": 298}, {"fields": {"codename": "change_emailconfirmation", "name": "Can change email confirmation", "content_type": 100}, "model": "auth.permission", "pk": 299}, {"fields": {"codename": "delete_emailconfirmation", "name": "Can delete email confirmation", "content_type": 100}, "model": "auth.permission", "pk": 300}, {"fields": {"codename": "add_accountdeletion", "name": "Can add account deletion", "content_type": 101}, "model": "auth.permission", "pk": 301}, {"fields": {"codename": "change_accountdeletion", "name": "Can change account deletion", "content_type": 101}, "model": "auth.permission", "pk": 302}, {"fields": {"codename": "delete_accountdeletion", "name": "Can delete account deletion", "content_type": 101}, "model": "auth.permission", "pk": 303}, {"fields": {"codename": "add_log", "name": "Can add log", "content_type": 102}, "model": "auth.permission", "pk": 304}, {"fields": {"codename": "change_log", "name": "Can change log", "content_type": 102}, "model": "auth.permission", "pk": 305}, {"fields": {"codename": "delete_log", "name": "Can delete log", "content_type": 102}, "model": "auth.permission", "pk": 306}, {"fields": {"codename": "add_die", "name": "Can add die", "content_type": 103}, "model": "auth.permission", "pk": 307}, {"fields": {"codename": "change_die", "name": "Can change die", "content_type": 103}, "model": "auth.permission", "pk": 308}, {"fields": {"codename": "delete_die", "name": "Can delete die", "content_type": 103}, "model": "auth.permission", "pk": 309}, {"fields": {"codename": "add_creaturetype", "name": "Can add creature type", "content_type": 104}, "model": "auth.permission", "pk": 310}, {"fields": {"codename": "change_creaturetype", "name": "Can change creature type", "content_type": 104}, "model": "auth.permission", "pk": 311}, {"fields": {"codename": "delete_creaturetype", "name": "Can delete creature type", "content_type": 104}, "model": "auth.permission", "pk": 312}, {"fields": {"codename": "add_skill", "name": "Can add skill", "content_type": 105}, "model": "auth.permission", "pk": 313}, {"fields": {"codename": "change_skill", "name": "Can change skill", "content_type": 105}, "model": "auth.permission", "pk": 314}, {"fields": {"codename": "delete_skill", "name": "Can delete skill", "content_type": 105}, "model": "auth.permission", "pk": 315}, {"fields": {"codename": "add_creatureskill", "name": "Can add creature skill", "content_type": 106}, "model": "auth.permission", "pk": 316}, {"fields": {"codename": "change_creatureskill", "name": "Can change creature skill", "content_type": 106}, "model": "auth.permission", "pk": 317}, {"fields": {"codename": "delete_creatureskill", "name": "Can delete creature skill", "content_type": 106}, "model": "auth.permission", "pk": 318}, {"fields": {"codename": "add_attack", "name": "Can add attack", "content_type": 107}, "model": "auth.permission", "pk": 319}, {"fields": {"codename": "change_attack", "name": "Can change attack", "content_type": 107}, "model": "auth.permission", "pk": 320}, {"fields": {"codename": "delete_attack", "name": "Can delete attack", "content_type": 107}, "model": "auth.permission", "pk": 321}, {"fields": {"codename": "add_specialability", "name": "Can add special ability", "content_type": 108}, "model": "auth.permission", "pk": 322}, {"fields": {"codename": "change_specialability", "name": "Can change special ability", "content_type": 108}, "model": "auth.permission", "pk": 323}, {"fields": {"codename": "delete_specialability", "name": "Can delete special ability", "content_type": 108}, "model": "auth.permission", "pk": 324}, {"fields": {"codename": "add_size", "name": "Can add size", "content_type": 109}, "model": "auth.permission", "pk": 325}, {"fields": {"codename": "change_size", "name": "Can change size", "content_type": 109}, "model": "auth.permission", "pk": 326}, {"fields": {"codename": "delete_size", "name": "Can delete size", "content_type": 109}, "model": "auth.permission", "pk": 327}, {"fields": {"codename": "add_creature", "name": "Can add creature", "content_type": 110}, "model": "auth.permission", "pk": 328}, {"fields": {"codename": "change_creature", "name": "Can change creature", "content_type": 110}, "model": "auth.permission", "pk": 329}, {"fields": {"codename": "delete_creature", "name": "Can delete creature", "content_type": 110}, "model": "auth.permission", "pk": 330}, {"fields": {"codename": "add_feat", "name": "Can add feat", "content_type": 111}, "model": "auth.permission", "pk": 331}, {"fields": {"codename": "change_feat", "name": "Can change feat", "content_type": 111}, "model": "auth.permission", "pk": 332}, {"fields": {"codename": "delete_feat", "name": "Can delete feat", "content_type": 111}, "model": "auth.permission", "pk": 333}, {"fields": {"codename": "add_language", "name": "Can add language", "content_type": 112}, "model": "auth.permission", "pk": 334}, {"fields": {"codename": "change_language", "name": "Can change language", "content_type": 112}, "model": "auth.permission", "pk": 335}, {"fields": {"codename": "delete_language", "name": "Can delete language", "content_type": 112}, "model": "auth.permission", "pk": 336}, {"fields": {"codename": "add_creatureattack", "name": "Can add creature attack", "content_type": 113}, "model": "auth.permission", "pk": 337}, {"fields": {"codename": "change_creatureattack", "name": "Can change creature attack", "content_type": 113}, "model": "auth.permission", "pk": 338}, {"fields": {"codename": "delete_creatureattack", "name": "Can delete creature attack", "content_type": 113}, "model": "auth.permission", "pk": 339}, {"fields": {"username": "admin", "first_name": "", "last_name": "", "is_active": true, "is_superuser": true, "is_staff": true, "last_login": "2015-05-07T10:30:18.072Z", "groups": [], "user_permissions": [], "password": "pbkdf2_sha256$15000$D70WJ4SjUzFq$iVx9zA+0e/50XQ3sY/MbNwcui+sut62nmbJ6zFwlgKU=", "email": "", "date_joined": "2015-05-07T10:30:15.631Z"}, "model": "auth.user", "pk": 2}, {"fields": {"timezone": "", "user": 2, "language": "en-us"}, "model": "account.account", "pk": 2}, {"fields": {"action_flag": 1, "action_time": "2015-05-07T10:32:26.244Z", "object_repr": "d4", "object_id": "1", "change_message": "", "user": 2, "content_type": 103}, "model": "admin.logentry", "pk": 49}, {"fields": {"action_flag": 1, "action_time": "2015-05-07T10:32:29.293Z", "object_repr": "d6", "object_id": "2", "change_message": "", "user": 2, "content_type": 103}, "model": "admin.logentry", "pk": 50}, {"fields": {"action_flag": 1, "action_time": "2015-05-07T10:32:32.843Z", "object_repr": "d8", "object_id": "3", "change_message": "", "user": 2, "content_type": 103}, "model": "admin.logentry", "pk": 51}, {"fields": {"action_flag": 1, "action_time": "2015-05-07T10:32:36.438Z", "object_repr": "d10", "object_id": "4", "change_message": "", "user": 2, "content_type": 103}, "model": "admin.logentry", "pk": 52}, {"fields": {"action_flag": 1, "action_time": "2015-05-07T10:32:39.268Z", "object_repr": "d12", "object_id": "5", "change_message": "", "user": 2, "content_type": 103}, "model": "admin.logentry", "pk": 53}, {"fields": {"action_flag": 1, "action_time": "2015-05-07T10:32:53.112Z", "object_repr": "Perception", "object_id": "1", "change_message": "", "user": 2, "content_type": 105}, "model": "admin.logentry", "pk": 54}, {"fields": {"action_flag": 1, "action_time": "2015-05-07T10:32:58.629Z", "object_repr": "Survival", "object_id": "2", "change_message": "", "user": 2, "content_type": 105}, "model": "admin.logentry", "pk": 55}, {"fields": {"action_flag": 1, "action_time": "2015-05-07T10:33:03.720Z", "object_repr": "Stealth", "object_id": "3", "change_message": "", "user": 2, "content_type": 105}, "model": "admin.logentry", "pk": 56}, {"fields": {"action_flag": 1, "action_time": "2015-05-07T10:33:58.318Z", "object_repr": "Medium", "object_id": "1", "change_message": "", "user": 2, "content_type": 109}, "model": "admin.logentry", "pk": 57}, {"fields": {"action_flag": 1, "action_time": "2015-05-07T10:34:06.917Z", "object_repr": "Small", "object_id": "2", "change_message": "", "user": 2, "content_type": 109}, "model": "admin.logentry", "pk": 58}, {"fields": {"action_flag": 1, "action_time": "2015-05-07T10:34:18.765Z", "object_repr": "Large", "object_id": "3", "change_message": "", "user": 2, "content_type": 109}, "model": "admin.logentry", "pk": 59}, {"fields": {"action_flag": 1, "action_time": "2015-05-07T10:42:26.897Z", "object_repr": "CreatureType object", "object_id": "1", "change_message": "", "user": 2, "content_type": 104}, "model": "admin.logentry", "pk": 60}, {"fields": {"action_flag": 1, "action_time": "2015-05-07T10:43:23.403Z", "object_repr": "Wolf", "object_id": "1", "change_message": "", "user": 2, "content_type": 110}, "model": "admin.logentry", "pk": 61}, {"fields": {"action_flag": 1, "action_time": "2015-05-07T10:52:36.145Z", "object_repr": "Bite 1d6", "object_id": "1", "change_message": "", "user": 2, "content_type": 107}, "model": "admin.logentry", "pk": 62}, {"fields": {"action_flag": 2, "action_time": "2015-05-07T10:52:52.717Z", "object_repr": "Wolf", "object_id": "1", "change_message": "Changed Attacks.", "user": 2, "content_type": 110}, "model": "admin.logentry", "pk": 63}, {"fields": {"action_flag": 1, "action_time": "2015-05-07T10:53:39.492Z", "object_repr": "Smite Evil/Good", "object_id": "1", "change_message": "", "user": 2, "content_type": 108}, "model": "admin.logentry", "pk": 64}, {"fields": {"action_flag": 2, "action_time": "2015-05-07T10:54:03.885Z", "object_repr": "Wolf", "object_id": "1", "change_message": "Changed Special.", "user": 2, "content_type": 110}, "model": "admin.logentry", "pk": 65}, {"fields": {"action_flag": 2, "action_time": "2015-05-07T10:54:59.625Z", "object_repr": "Smite Evil/Good", "object_id": "1", "change_message": "Changed text.", "user": 2, "content_type": 108}, "model": "admin.logentry", "pk": 66}, {"fields": {"action_flag": 2, "action_time": "2015-05-07T10:55:14.279Z", "object_repr": "Smite Evil/Good", "object_id": "1", "change_message": "Changed dynamicText.", "user": 2, "content_type": 108}, "model": "admin.logentry", "pk": 67}, {"fields": {"action_flag": 1, "action_time": "2015-05-07T11:04:17.002Z", "object_repr": "Bite 1d4", "object_id": "2", "change_message": "", "user": 2, "content_type": 107}, "model": "admin.logentry", "pk": 68}, {"fields": {"action_flag": 1, "action_time": "2015-05-07T11:04:33.471Z", "object_repr": "Claw 1d4", "object_id": "3", "change_message": "", "user": 2, "content_type": 107}, "model": "admin.logentry", "pk": 69}, {"fields": {"action_flag": 1, "action_time": "2015-05-07T11:05:52.062Z", "object_repr": "Eagle", "object_id": "2", "change_message": "", "user": 2, "content_type": 110}, "model": "admin.logentry", "pk": 70}, {"fields": {"action_flag": 1, "action_time": "2015-05-07T11:06:05.235Z", "object_repr": "Claw 1d4", "object_id": "4", "change_message": "", "user": 2, "content_type": 107}, "model": "admin.logentry", "pk": 71}, {"fields": {"action_flag": 2, "action_time": "2015-05-07T11:06:08.875Z", "object_repr": "Eagle", "object_id": "2", "change_message": "Changed Attacks.", "user": 2, "content_type": 110}, "model": "admin.logentry", "pk": 72}, {"fields": {"action_flag": 2, "action_time": "2015-05-07T11:07:38.555Z", "object_repr": "Eagle", "object_id": "2", "change_message": "Changed Special.", "user": 2, "content_type": 110}, "model": "admin.logentry", "pk": 73}, {"fields": {"action_flag": 2, "action_time": "2015-05-07T11:14:23.307Z", "object_repr": "Wolf", "object_id": "1", "change_message": "Changed naturalAC.", "user": 2, "content_type": 110}, "model": "admin.logentry", "pk": 74}, {"fields": {"action_flag": 3, "action_time": "2015-05-07T11:29:11.856Z", "object_repr": "Eagle", "object_id": "2", "change_message": "", "user": 2, "content_type": 110}, "model": "admin.logentry", "pk": 75}, {"fields": {"action_flag": 3, "action_time": "2015-05-07T11:29:11.858Z", "object_repr": "Wolf", "object_id": "1", "change_message": "", "user": 2, "content_type": 110}, "model": "admin.logentry", "pk": 76}, {"fields": {"action_flag": 1, "action_time": "2015-05-07T11:32:16.161Z", "object_repr": "Bite 1d6", "object_id": "1", "change_message": "", "user": 2, "content_type": 107}, "model": "admin.logentry", "pk": 77}, {"fields": {"action_flag": 1, "action_time": "2015-05-07T11:33:06.778Z", "object_repr": "Smite Evil/Good", "object_id": "1", "change_message": "", "user": 2, "content_type": 108}, "model": "admin.logentry", "pk": 78}, {"fields": {"action_flag": 1, "action_time": "2015-05-07T11:33:14.945Z", "object_repr": "Wolf", "object_id": "1", "change_message": "", "user": 2, "content_type": 110}, "model": "admin.logentry", "pk": 79}, {"fields": {"action_flag": 1, "action_time": "2015-05-07T11:33:33.023Z", "object_repr": "Bite 1d4", "object_id": "2", "change_message": "", "user": 2, "content_type": 107}, "model": "admin.logentry", "pk": 80}, {"fields": {"action_flag": 1, "action_time": "2015-05-07T11:33:39.446Z", "object_repr": "Claw 1d4", "object_id": "3", "change_message": "", "user": 2, "content_type": 107}, "model": "admin.logentry", "pk": 81}, {"fields": {"action_flag": 1, "action_time": "2015-05-07T11:33:45.030Z", "object_repr": "Claw 1d4", "object_id": "4", "change_message": "", "user": 2, "content_type": 107}, "model": "admin.logentry", "pk": 82}, {"fields": {"action_flag": 2, "action_time": "2015-05-07T11:34:30.127Z", "object_repr": "Wolf", "object_id": "1", "change_message": "No fields changed.", "user": 2, "content_type": 110}, "model": "admin.logentry", "pk": 83}, {"fields": {"action_flag": 2, "action_time": "2015-05-07T11:40:43.601Z", "object_repr": "Animal", "object_id": "1", "change_message": "No fields changed.", "user": 2, "content_type": 104}, "model": "admin.logentry", "pk": 84}, {"fields": {"action_flag": 2, "action_time": "2015-05-07T11:43:53.163Z", "object_repr": "Wolf", "object_id": "1", "change_message": "Changed SR.", "user": 2, "content_type": 110}, "model": "admin.logentry", "pk": 85}, {"fields": {"action_flag": 1, "action_time": "2015-05-07T13:31:00.901Z", "object_repr": "Eagle", "object_id": "2", "change_message": "", "user": 2, "content_type": 110}, "model": "admin.logentry", "pk": 86}, {"fields": {"action_flag": 1, "action_time": "2015-05-07T15:01:11.737Z", "object_repr": "Weapon Finesse", "object_id": "1", "change_message": "", "user": 2, "content_type": 111}, "model": "admin.logentry", "pk": 87}, {"fields": {"action_flag": 2, "action_time": "2015-05-07T15:01:26.707Z", "object_repr": "Eagle", "object_id": "2", "change_message": "No fields changed.", "user": 2, "content_type": 110}, "model": "admin.logentry", "pk": 88}, {"fields": {"action_flag": 2, "action_time": "2015-05-07T15:01:33.551Z", "object_repr": "Eagle", "object_id": "2", "change_message": "Changed Feats.", "user": 2, "content_type": 110}, "model": "admin.logentry", "pk": 89}, {"fields": {"action_flag": 2, "action_time": "2015-05-07T15:05:41.910Z", "object_repr": "Weapon Finesse1", "object_id": "1", "change_message": "Changed name.", "user": 2, "content_type": 111}, "model": "admin.logentry", "pk": 90}, {"fields": {"action_flag": 2, "action_time": "2015-05-07T15:06:05.745Z", "object_repr": "Weapon Finessgrege", "object_id": "1", "change_message": "Changed name.", "user": 2, "content_type": 111}, "model": "admin.logentry", "pk": 91}, {"fields": {"action_flag": 2, "action_time": "2015-05-07T15:06:49.569Z", "object_repr": "Weapon Finesse", "object_id": "1", "change_message": "Changed name.", "user": 2, "content_type": 111}, "model": "admin.logentry", "pk": 92}, {"fields": {"action_flag": 1, "action_time": "2015-05-07T15:23:24.479Z", "object_repr": "Outsider (Earth)", "object_id": "2", "change_message": "", "user": 2, "content_type": 104}, "model": "admin.logentry", "pk": 93}, {"fields": {"action_flag": 1, "action_time": "2015-05-07T15:25:19.742Z", "object_repr": "Small Earth Elemental", "object_id": "3", "change_message": "", "user": 2, "content_type": 110}, "model": "admin.logentry", "pk": 94}, {"fields": {"action_flag": 2, "action_time": "2015-05-07T15:28:30.923Z", "object_repr": "Small Earth Elemental", "object_id": "3", "change_message": "Changed Speed.", "user": 2, "content_type": 110}, "model": "admin.logentry", "pk": 95}, {"fields": {"action_flag": 1, "action_time": "2015-05-07T15:30:33.864Z", "object_repr": "Earth Mastery", "object_id": "2", "change_message": "", "user": 2, "content_type": 108}, "model": "admin.logentry", "pk": 96}, {"fields": {"action_flag": 2, "action_time": "2015-05-07T15:30:45.904Z", "object_repr": "Small Earth Elemental", "object_id": "3", "change_message": "Changed Special.", "user": 2, "content_type": 110}, "model": "admin.logentry", "pk": 97}, {"fields": {"action_flag": 1, "action_time": "2015-05-07T15:33:33.417Z", "object_repr": "Slam 1d6", "object_id": "5", "change_message": "", "user": 2, "content_type": 107}, "model": "admin.logentry", "pk": 98}, {"fields": {"action_flag": 2, "action_time": "2015-05-07T15:34:37.327Z", "object_repr": "Small Earth Elemental", "object_id": "3", "change_message": "Changed Attacks.", "user": 2, "content_type": 110}, "model": "admin.logentry", "pk": 99}, {"fields": {"action_flag": 1, "action_time": "2015-05-07T15:37:36.403Z", "object_repr": "Power Attack", "object_id": "2", "change_message": "", "user": 2, "content_type": 111}, "model": "admin.logentry", "pk": 100}, {"fields": {"action_flag": 1, "action_time": "2015-05-07T15:37:43.010Z", "object_repr": "Improved Bull Rush", "object_id": "3", "change_message": "", "user": 2, "content_type": 111}, "model": "admin.logentry", "pk": 101}, {"fields": {"action_flag": 2, "action_time": "2015-05-07T15:37:56.434Z", "object_repr": "Small Earth Elemental", "object_id": "3", "change_message": "Changed Feats.", "user": 2, "content_type": 110}, "model": "admin.logentry", "pk": 102}, {"fields": {"action_flag": 1, "action_time": "2015-05-07T15:52:12.283Z", "object_repr": "Earth Glide (Ex)", "object_id": "3", "change_message": "", "user": 2, "content_type": 108}, "model": "admin.logentry", "pk": 103}, {"fields": {"action_flag": 2, "action_time": "2015-05-07T15:52:23.555Z", "object_repr": "Small Earth Elemental", "object_id": "3", "change_message": "Changed Special.", "user": 2, "content_type": 110}, "model": "admin.logentry", "pk": 104}, {"fields": {"action_flag": 2, "action_time": "2015-05-07T16:04:23.281Z", "object_repr": "Outsider (Elemental)", "object_id": "2", "change_message": "Changed name.", "user": 2, "content_type": 104}, "model": "admin.logentry", "pk": 105}, {"fields": {"action_flag": 1, "action_time": "2015-05-07T16:05:35.386Z", "object_repr": "Small Air Elemental", "object_id": "4", "change_message": "", "user": 2, "content_type": 110}, "model": "admin.logentry", "pk": 106}, {"fields": {"action_flag": 1, "action_time": "2015-05-07T16:05:49.945Z", "object_repr": "Slam 1d4", "object_id": "6", "change_message": "", "user": 2, "content_type": 107}, "model": "admin.logentry", "pk": 107}, {"fields": {"action_flag": 2, "action_time": "2015-05-07T16:05:59.853Z", "object_repr": "Small Air Elemental", "object_id": "4", "change_message": "Changed Attacks.", "user": 2, "content_type": 110}, "model": "admin.logentry", "pk": 108}, {"fields": {"action_flag": 1, "action_time": "2015-05-07T16:06:32.709Z", "object_repr": "Improved Initiative", "object_id": "4", "change_message": "", "user": 2, "content_type": 111}, "model": "admin.logentry", "pk": 109}, {"fields": {"action_flag": 2, "action_time": "2015-05-07T16:07:48.906Z", "object_repr": "Small Air Elemental", "object_id": "4", "change_message": "Changed Feats.", "user": 2, "content_type": 110}, "model": "admin.logentry", "pk": 110}, {"fields": {"action_flag": 1, "action_time": "2015-05-07T16:09:12.926Z", "object_repr": "Air Mastery (Ex)", "object_id": "4", "change_message": "", "user": 2, "content_type": 108}, "model": "admin.logentry", "pk": 111}, {"fields": {"action_flag": 2, "action_time": "2015-05-07T16:09:26.494Z", "object_repr": "Small Air Elemental", "object_id": "4", "change_message": "Changed Special.", "user": 2, "content_type": 110}, "model": "admin.logentry", "pk": 112}, {"fields": {"action_flag": 1, "action_time": "2015-05-07T16:10:48.572Z", "object_repr": "Flyby Attack", "object_id": "5", "change_message": "", "user": 2, "content_type": 111}, "model": "admin.logentry", "pk": 113}, {"fields": {"action_flag": 2, "action_time": "2015-05-07T16:10:57.496Z", "object_repr": "Small Air Elemental", "object_id": "4", "change_message": "Changed Feats.", "user": 2, "content_type": 110}, "model": "admin.logentry", "pk": 114}, {"fields": {"action_flag": 1, "action_time": "2015-05-07T16:14:51.226Z", "object_repr": "Small Air Elemental (Perception)", "object_id": "1", "change_message": "", "user": 2, "content_type": 106}, "model": "admin.logentry", "pk": 115}, {"fields": {"action_flag": 1, "action_time": "2015-05-07T16:15:34.258Z", "object_repr": "Small Air Elemental (Stealth)", "object_id": "2", "change_message": "", "user": 2, "content_type": 106}, "model": "admin.logentry", "pk": 116}, {"fields": {"action_flag": 1, "action_time": "2015-05-07T16:16:13.958Z", "object_repr": "Acrobatics", "object_id": "4", "change_message": "", "user": 2, "content_type": 105}, "model": "admin.logentry", "pk": 117}, {"fields": {"action_flag": 1, "action_time": "2015-05-07T16:16:22.707Z", "object_repr": "Escape Artist", "object_id": "5", "change_message": "", "user": 2, "content_type": 105}, "model": "admin.logentry", "pk": 118}, {"fields": {"action_flag": 1, "action_time": "2015-05-07T16:16:28.158Z", "object_repr": "Fly", "object_id": "6", "change_message": "", "user": 2, "content_type": 105}, "model": "admin.logentry", "pk": 119}, {"fields": {"action_flag": 1, "action_time": "2015-05-07T16:16:41.485Z", "object_repr": "Knowledge (planes)", "object_id": "7", "change_message": "", "user": 2, "content_type": 105}, "model": "admin.logentry", "pk": 120}, {"fields": {"action_flag": 1, "action_time": "2015-05-07T16:16:58.709Z", "object_repr": "Small Air Elemental (Acrobatics)", "object_id": "3", "change_message": "", "user": 2, "content_type": 106}, "model": "admin.logentry", "pk": 121}, {"fields": {"action_flag": 1, "action_time": "2015-05-07T16:17:06.005Z", "object_repr": "Small Air Elemental (Escape Artist)", "object_id": "4", "change_message": "", "user": 2, "content_type": 106}, "model": "admin.logentry", "pk": 122}, {"fields": {"action_flag": 1, "action_time": "2015-05-07T16:17:14.135Z", "object_repr": "Small Air Elemental (Fly)", "object_id": "5", "change_message": "", "user": 2, "content_type": 106}, "model": "admin.logentry", "pk": 123}, {"fields": {"action_flag": 1, "action_time": "2015-05-07T16:17:21.158Z", "object_repr": "Small Air Elemental (Knowledge (planes))", "object_id": "6", "change_message": "", "user": 2, "content_type": 106}, "model": "admin.logentry", "pk": 124}, {"fields": {"action_flag": 1, "action_time": "2015-05-07T16:17:45.148Z", "object_repr": "Appraise", "object_id": "8", "change_message": "", "user": 2, "content_type": 105}, "model": "admin.logentry", "pk": 125}, {"fields": {"action_flag": 1, "action_time": "2015-05-07T16:17:54.050Z", "object_repr": "Climb", "object_id": "9", "change_message": "", "user": 2, "content_type": 105}, "model": "admin.logentry", "pk": 126}, {"fields": {"action_flag": 1, "action_time": "2015-05-07T16:18:04.482Z", "object_repr": "Knowledge (dungeoneering)", "object_id": "10", "change_message": "", "user": 2, "content_type": 105}, "model": "admin.logentry", "pk": 127}, {"fields": {"action_flag": 1, "action_time": "2015-05-07T16:18:27.543Z", "object_repr": "Small Earth Elemental (Appraise)", "object_id": "7", "change_message": "", "user": 2, "content_type": 106}, "model": "admin.logentry", "pk": 128}, {"fields": {"action_flag": 1, "action_time": "2015-05-07T16:18:38.076Z", "object_repr": "Small Earth Elemental (Climb)", "object_id": "8", "change_message": "", "user": 2, "content_type": 106}, "model": "admin.logentry", "pk": 129}, {"fields": {"action_flag": 1, "action_time": "2015-05-07T16:18:45.480Z", "object_repr": "Small Earth Elemental (Knowledge (dungeoneering))", "object_id": "9", "change_message": "", "user": 2, "content_type": 106}, "model": "admin.logentry", "pk": 130}, {"fields": {"action_flag": 1, "action_time": "2015-05-07T16:18:52.277Z", "object_repr": "Small Earth Elemental (Knowledge (planes))", "object_id": "10", "change_message": "", "user": 2, "content_type": 106}, "model": "admin.logentry", "pk": 131}, {"fields": {"action_flag": 1, "action_time": "2015-05-07T16:19:36.628Z", "object_repr": "Small Earth Elemental (Perception)", "object_id": "11", "change_message": "", "user": 2, "content_type": 106}, "model": "admin.logentry", "pk": 132}, {"fields": {"action_flag": 1, "action_time": "2015-05-07T16:24:28.036Z", "object_repr": "Common", "object_id": "1", "change_message": "", "user": 2, "content_type": 112}, "model": "admin.logentry", "pk": 133}, {"fields": {"action_flag": 1, "action_time": "2015-05-07T16:24:45.930Z", "object_repr": "Auran", "object_id": "2", "change_message": "", "user": 2, "content_type": 112}, "model": "admin.logentry", "pk": 134}, {"fields": {"action_flag": 1, "action_time": "2015-05-07T16:24:49.237Z", "object_repr": "Terran", "object_id": "3", "change_message": "", "user": 2, "content_type": 112}, "model": "admin.logentry", "pk": 135}, {"fields": {"action_flag": 1, "action_time": "2015-05-07T16:24:53.130Z", "object_repr": "Aquan", "object_id": "4", "change_message": "", "user": 2, "content_type": 112}, "model": "admin.logentry", "pk": 136}, {"fields": {"action_flag": 1, "action_time": "2015-05-07T16:24:59.427Z", "object_repr": "Ignan", "object_id": "5", "change_message": "", "user": 2, "content_type": 112}, "model": "admin.logentry", "pk": 137}, {"fields": {"action_flag": 1, "action_time": "2015-05-07T16:25:03.551Z", "object_repr": "Celestial", "object_id": "6", "change_message": "", "user": 2, "content_type": 112}, "model": "admin.logentry", "pk": 138}, {"fields": {"action_flag": 1, "action_time": "2015-05-07T16:25:07.427Z", "object_repr": "Infernal", "object_id": "7", "change_message": "", "user": 2, "content_type": 112}, "model": "admin.logentry", "pk": 139}, {"fields": {"action_flag": 1, "action_time": "2015-05-07T16:25:11.370Z", "object_repr": "Abyssal", "object_id": "8", "change_message": "", "user": 2, "content_type": 112}, "model": "admin.logentry", "pk": 140}, {"fields": {"action_flag": 1, "action_time": "2015-05-07T16:25:15.403Z", "object_repr": "Draconic", "object_id": "9", "change_message": "", "user": 2, "content_type": 112}, "model": "admin.logentry", "pk": 141}, {"fields": {"action_flag": 1, "action_time": "2015-05-07T16:25:25.824Z", "object_repr": "Sylvan", "object_id": "10", "change_message": "", "user": 2, "content_type": 112}, "model": "admin.logentry", "pk": 142}, {"fields": {"action_flag": 2, "action_time": "2015-05-07T16:25:35.886Z", "object_repr": "Small Air Elemental", "object_id": "4", "change_message": "Changed Languages.", "user": 2, "content_type": 110}, "model": "admin.logentry", "pk": 143}, {"fields": {"action_flag": 2, "action_time": "2015-05-07T16:25:48.111Z", "object_repr": "Small Earth Elemental", "object_id": "3", "change_message": "Changed Languages.", "user": 2, "content_type": 110}, "model": "admin.logentry", "pk": 144}, {"fields": {"action_flag": 2, "action_time": "2015-05-07T16:30:59.327Z", "object_repr": "Small Air Elemental", "object_id": "4", "change_message": "Changed Senses.", "user": 2, "content_type": 110}, "model": "admin.logentry", "pk": 145}, {"fields": {"action_flag": 2, "action_time": "2015-05-07T16:31:14.081Z", "object_repr": "Small Earth Elemental", "object_id": "3", "change_message": "Changed Senses.", "user": 2, "content_type": 110}, "model": "admin.logentry", "pk": 146}, {"fields": {"action_flag": 2, "action_time": "2015-05-07T16:31:31.449Z", "object_repr": "Wolf", "object_id": "1", "change_message": "Changed Senses.", "user": 2, "content_type": 110}, "model": "admin.logentry", "pk": 147}, {"fields": {"action_flag": 2, "action_time": "2015-05-07T16:31:57.339Z", "object_repr": "Eagle", "object_id": "2", "change_message": "Changed Senses.", "user": 2, "content_type": 110}, "model": "admin.logentry", "pk": 148}, {"fields": {"action_flag": 1, "action_time": "2015-05-08T09:47:29.679Z", "object_repr": "Climb (Dex)", "object_id": "11", "change_message": "", "user": 2, "content_type": 105}, "model": "admin.logentry", "pk": 149}, {"fields": {"action_flag": 1, "action_time": "2015-05-08T09:47:36.139Z", "object_repr": "Swim (Dex)", "object_id": "12", "change_message": "", "user": 2, "content_type": 105}, "model": "admin.logentry", "pk": 150}, {"fields": {"action_flag": 1, "action_time": "2015-05-08T09:49:14.179Z", "object_repr": "Dire Rat", "object_id": "5", "change_message": "", "user": 2, "content_type": 110}, "model": "admin.logentry", "pk": 151}, {"fields": {"action_flag": 1, "action_time": "2015-05-08T09:49:40.824Z", "object_repr": "Skill Focus (Perception)", "object_id": "6", "change_message": "", "user": 2, "content_type": 111}, "model": "admin.logentry", "pk": 152}, {"fields": {"action_flag": 2, "action_time": "2015-05-08T09:49:54.211Z", "object_repr": "Dire Rat", "object_id": "5", "change_message": "Changed Feats.", "user": 2, "content_type": 110}, "model": "admin.logentry", "pk": 153}, {"fields": {"action_flag": 1, "action_time": "2015-05-08T09:50:09.838Z", "object_repr": "Dire Rat (Climb (Dex))", "object_id": "12", "change_message": "", "user": 2, "content_type": 106}, "model": "admin.logentry", "pk": 154}, {"fields": {"action_flag": 1, "action_time": "2015-05-08T09:50:29.876Z", "object_repr": "Dire Rat (Perception)", "object_id": "13", "change_message": "", "user": 2, "content_type": 106}, "model": "admin.logentry", "pk": 155}, {"fields": {"action_flag": 1, "action_time": "2015-05-08T09:50:43.139Z", "object_repr": "Dire Rat (Stealth)", "object_id": "14", "change_message": "", "user": 2, "content_type": 106}, "model": "admin.logentry", "pk": 156}, {"fields": {"action_flag": 2, "action_time": "2015-05-08T09:51:41.027Z", "object_repr": "Dire Rat", "object_id": "5", "change_message": "Changed Senses.", "user": 2, "content_type": 110}, "model": "admin.logentry", "pk": 157}, {"fields": {"action_flag": 1, "action_time": "2015-05-08T10:15:38.599Z", "object_repr": "CreatureAttack object", "object_id": "1", "change_message": "", "user": 2, "content_type": 113}, "model": "admin.logentry", "pk": 158}, {"fields": {"action_flag": 1, "action_time": "2015-05-08T10:15:48.070Z", "object_repr": "CreatureAttack object", "object_id": "2", "change_message": "", "user": 2, "content_type": 113}, "model": "admin.logentry", "pk": 159}, {"fields": {"action_flag": 3, "action_time": "2015-05-08T10:16:08.458Z", "object_repr": "Claw 1d4", "object_id": "3", "change_message": "", "user": 2, "content_type": 107}, "model": "admin.logentry", "pk": 160}, {"fields": {"action_flag": 1, "action_time": "2015-05-08T10:16:18.011Z", "object_repr": "CreatureAttack object", "object_id": "3", "change_message": "", "user": 2, "content_type": 113}, "model": "admin.logentry", "pk": 161}, {"fields": {"action_flag": 1, "action_time": "2015-05-08T10:35:46.675Z", "object_repr": "Bite 1d4", "object_id": "4", "change_message": "", "user": 2, "content_type": 113}, "model": "admin.logentry", "pk": 162}, {"fields": {"action_flag": 2, "action_time": "2015-05-08T10:37:49.332Z", "object_repr": "Dire Rat", "object_id": "5", "change_message": "Changed Speed.", "user": 2, "content_type": 110}, "model": "admin.logentry", "pk": 163}, {"fields": {"action_flag": 2, "action_time": "2015-05-08T10:38:23.792Z", "object_repr": "Eagle", "object_id": "2", "change_message": "Changed Speed.", "user": 2, "content_type": 110}, "model": "admin.logentry", "pk": 164}, {"fields": {"action_flag": 2, "action_time": "2015-05-08T10:38:48.975Z", "object_repr": "Wolf", "object_id": "1", "change_message": "Changed Speed.", "user": 2, "content_type": 110}, "model": "admin.logentry", "pk": 165}, {"fields": {"action_flag": 2, "action_time": "2015-05-08T10:39:11.042Z", "object_repr": "Small Earth Elemental", "object_id": "3", "change_message": "Changed Speed.", "user": 2, "content_type": 110}, "model": "admin.logentry", "pk": 166}, {"fields": {"action_flag": 2, "action_time": "2015-05-08T10:39:23.229Z", "object_repr": "Small Air Elemental", "object_id": "4", "change_message": "Changed Speed.", "user": 2, "content_type": 110}, "model": "admin.logentry", "pk": 167}, {"fields": {"action_flag": 1, "action_time": "2015-05-08T10:40:53.682Z", "object_repr": "Slam 1d4", "object_id": "5", "change_message": "", "user": 2, "content_type": 113}, "model": "admin.logentry", "pk": 168}, {"fields": {"action_flag": 1, "action_time": "2015-05-08T10:41:02.799Z", "object_repr": "Slam 1d6", "object_id": "6", "change_message": "", "user": 2, "content_type": 113}, "model": "admin.logentry", "pk": 169}, {"fields": {"action_flag": 1, "action_time": "2015-05-08T10:48:33.552Z", "object_repr": "Eagle (Perception)", "object_id": "15", "change_message": "", "user": 2, "content_type": 106}, "model": "admin.logentry", "pk": 170}, {"fields": {"action_flag": 1, "action_time": "2015-05-08T10:49:00.234Z", "object_repr": "Wolf (Perception)", "object_id": "16", "change_message": "", "user": 2, "content_type": 106}, "model": "admin.logentry", "pk": 171}]